Fecha_i;Valor_i
2019-08-31T23:03:00.226Z;6,91667
2019-08-31T22:02:49.912Z;33,25000
2019-08-31T21:02:49.911Z;32,41667
2019-08-31T20:02:50.911Z;32,33334
2019-08-31T19:03:00.227Z;26,83333
2019-08-31T18:02:49.911Z;26,75000
2019-08-31T17:02:49.911Z;32,08333
2019-08-31T16:02:49.912Z;28,83333
2019-08-31T15:02:49.911Z;21,00000
2019-08-31T14:02:49.921Z;19,25000
2019-08-31T13:02:49.912Z;24,16667
2019-08-31T12:02:49.911Z;27,08333
2019-08-31T11:02:49.912Z;30,08333
2019-08-31T10:02:49.911Z;46,75000
2019-08-31T09:02:49.911Z;34,33333
2019-08-31T08:02:49.912Z;34,16666
2019-08-31T07:02:49.922Z;37,33333
2019-08-31T06:02:49.912Z;33,33333
2019-08-31T05:02:49.912Z;30,66667
2019-08-31T04:03:01.226Z;37,00000
2019-08-31T03:02:50.261Z;30,00000
2019-08-31T02:02:50.261Z;30,25000
2019-08-31T01:02:50.251Z;32,25000
2019-08-31T00:02:50.251Z;41,25000
2019-08-30T23:02:50.250Z;29,50000
2019-08-30T22:02:50.250Z;22,91667
2019-08-30T21:02:50.250Z;29,25000
2019-08-30T20:02:50.250Z;20,75000
2019-08-30T19:02:50.251Z;27,75000
2019-08-30T18:02:50.250Z;34,25000
2019-08-30T17:02:50.251Z;31,41667
2019-08-30T16:02:50.251Z;23,33333
2019-08-30T15:02:50.261Z;19,41667
2019-08-30T14:02:50.251Z;17,50000
2019-08-30T13:02:50.250Z;18,33333
2019-08-30T12:02:50.250Z;17,83333
2019-08-30T11:02:50.251Z;17,08333
2019-08-30T10:02:50.250Z;16,91667
2019-08-30T09:02:50.251Z;15,16667
2019-08-30T08:02:50.249Z;25,25000
2019-08-30T07:02:50.251Z;31,75000
2019-08-30T06:02:50.261Z;35,08334
2019-08-30T05:02:50.261Z;22,16667
2019-08-30T04:03:00.574Z;29,08333
2019-08-30T03:02:49.839Z;25,00000
2019-08-30T02:02:49.839Z;16,83333
2019-08-30T01:02:49.838Z;20,00000
2019-08-30T00:02:49.839Z;19,16667
2019-08-29T23:02:50.849Z;14,33333
2019-08-29T22:03:00.153Z;20,16667
2019-08-29T21:02:49.839Z;20,58333
2019-08-29T20:02:49.838Z;19,66667
2019-08-29T19:02:49.838Z;14,91667
2019-08-29T18:02:49.838Z;14,83333
2019-08-29T17:02:49.839Z;22,33333
2019-08-29T16:02:49.839Z;27,33333
2019-08-29T15:02:49.839Z;11,25000
2019-08-29T14:02:49.838Z;9,08333
2019-08-29T13:02:49.839Z;14,83333
2019-08-29T12:02:49.839Z;7,50000
2019-08-29T11:02:49.839Z;11,16667
2019-08-29T10:02:49.839Z;20,41667
2019-08-29T09:02:49.838Z;34,16666
2019-08-29T08:02:49.839Z;35,66667
2019-08-29T07:02:50.839Z;19,66667
2019-08-29T06:03:00.172Z;30,16667
2019-08-29T05:02:49.848Z;29,16667
2019-08-29T04:03:01.156Z;9,25000
2019-08-29T03:02:50.250Z;8,75000
2019-08-29T02:02:50.230Z;18,58333
2019-08-29T01:02:50.160Z;21,50000
2019-08-29T00:02:50.140Z;11,33333
2019-08-28T23:02:50.150Z;22,91667
2019-08-28T22:02:50.140Z;20,58333
2019-08-28T21:02:50.140Z;14,33333
2019-08-28T20:02:50.140Z;14,41667
2019-08-28T19:02:50.200Z;15,33333
2019-08-28T18:02:50.150Z;19,41667
2019-08-28T17:02:51.130Z;16,41667
2019-08-28T16:03:01.328Z;15,50000
2019-08-28T15:03:00.328Z;14,25000
2019-08-28T14:02:50.150Z;11,83333
2019-08-28T13:02:50.140Z;12,50000
2019-08-28T12:02:50.140Z;6,16667
2019-08-28T11:02:50.140Z;8,66667
2019-08-28T10:02:51.140Z;12,41667
2019-08-28T09:03:00.328Z;19,50000
2019-08-28T08:02:51.140Z;19,75000
2019-08-28T07:03:00.328Z;27,75000
2019-08-28T06:02:50.140Z;9,66667
2019-08-28T05:02:50.240Z;9,33333
2019-08-28T04:03:00.347Z;7,08333
2019-08-28T03:02:50.180Z;5,16667
2019-08-28T02:02:50.181Z;4,41667
2019-08-28T01:02:50.181Z;4,91667
2019-08-28T00:02:50.180Z;16,75000
2019-08-27T23:02:51.184Z;24,41666
2019-08-27T22:03:00.493Z;21,50000
2019-08-27T21:02:50.181Z;24,58333
2019-08-27T20:02:50.180Z;22,66667
2019-08-27T19:02:50.180Z;25,33334
2019-08-27T18:02:50.180Z;28,00000
2019-08-27T17:02:50.181Z;29,41667
2019-08-27T16:02:50.180Z;15,83333
2019-08-27T15:02:50.191Z;14,58333
2019-08-27T14:02:50.181Z;31,66666
2019-08-27T13:02:50.187Z;26,16667
2019-08-27T12:02:50.181Z;34,33333
2019-08-27T11:02:51.180Z;15,33333
2019-08-27T10:03:00.495Z;11,66667
2019-08-27T09:02:50.186Z;14,83333
2019-08-27T08:02:50.190Z;25,66667
2019-08-27T07:02:50.181Z;27,58333
2019-08-27T06:02:50.183Z;14,66667
2019-08-27T05:02:50.179Z;14,08333
2019-08-27T04:03:00.514Z;17,83333
2019-08-27T03:02:50.602Z;9,66667
2019-08-27T02:03:00.905Z;14,00000
2019-08-27T01:02:50.591Z;12,41667
2019-08-27T00:03:00.906Z;14,08333
2019-08-26T23:02:50.591Z;17,41667
2019-08-26T22:02:50.602Z;18,16667
2019-08-26T21:02:50.601Z;10,33333
2019-08-26T20:02:50.591Z;24,33333
2019-08-26T19:02:50.592Z;25,50000
2019-08-26T18:02:50.591Z;18,41667
2019-08-26T17:02:50.589Z;18,50000
2019-08-26T16:02:50.591Z;33,25000
2019-08-26T15:02:50.591Z;17,58333
2019-08-26T14:02:50.591Z;12,75000
2019-08-26T13:02:50.591Z;12,25000
2019-08-26T12:02:50.592Z;13,58333
2019-08-26T11:02:50.591Z;13,83333
2019-08-26T10:03:00.905Z;7,83333
2019-08-26T09:02:50.601Z;11,83333
2019-08-26T08:02:50.601Z;26,58333
2019-08-26T07:02:50.601Z;30,75000
2019-08-26T06:02:50.590Z;20,75000
2019-08-26T05:02:49.590Z;13,91667
2019-08-26T04:03:00.915Z;11,75000
2019-08-26T03:02:50.131Z;11,83333
2019-08-26T02:02:50.133Z;11,00000
2019-08-26T01:02:50.132Z;15,33333
2019-08-26T00:02:50.133Z;10,66667
2019-08-25T23:02:51.132Z;10,16667
2019-08-25T22:03:00.447Z;17,91667
2019-08-25T21:02:50.142Z;13,75000
2019-08-25T20:02:50.131Z;11,33333
2019-08-25T19:02:50.142Z;10,25000
2019-08-25T18:02:50.142Z;10,25000
2019-08-25T17:02:50.142Z;11,91667
2019-08-25T16:02:50.142Z;12,91667
2019-08-25T15:02:50.132Z;14,50000
2019-08-25T14:02:50.132Z;12,41667
2019-08-25T13:02:50.132Z;10,41667
2019-08-25T12:02:51.132Z;7,91667
2019-08-25T11:03:00.446Z;4,16667
2019-08-25T10:02:51.135Z;4,16667
2019-08-25T09:03:00.446Z;8,16667
2019-08-25T08:02:50.133Z;9,08333
2019-08-25T07:02:50.132Z;16,91667
2019-08-25T06:02:50.133Z;9,83333
2019-08-25T05:02:50.132Z;5,41667
2019-08-25T04:03:00.471Z;7,83333
2019-08-25T03:02:50.250Z;6,83333
2019-08-25T02:02:50.240Z;8,83333
2019-08-25T01:02:50.250Z;7,33333
2019-08-25T00:02:50.260Z;8,58333
2019-08-24T23:02:50.250Z;8,58333
2019-08-24T22:02:50.250Z;11,25000
2019-08-24T21:02:50.350Z;16,00000
2019-08-24T20:02:50.250Z;37,83333
2019-08-24T19:02:50.240Z;23,75000
2019-08-24T18:02:50.250Z;16,25000
2019-08-24T17:02:50.250Z;22,66667
2019-08-24T16:02:51.250Z;20,91667
2019-08-24T15:03:00.339Z;29,58333
2019-08-24T14:02:50.250Z;17,75000
2019-08-24T13:02:50.240Z;19,00000
2019-08-24T12:02:50.250Z;18,83333
2019-08-24T11:02:50.250Z;13,91667
2019-08-24T10:02:50.250Z;33,41667
2019-08-24T09:02:50.250Z;28,50000
2019-08-24T08:02:50.240Z;29,41667
2019-08-24T07:02:51.240Z;32,50000
2019-08-24T06:03:00.359Z;28,75000
2019-08-24T05:02:50.240Z;26,83333
2019-08-24T04:03:00.350Z;20,50000
2019-08-24T03:02:49.979Z;19,58334
2019-08-24T02:02:49.985Z;15,91667
2019-08-24T01:02:50.979Z;17,00000
2019-08-24T00:03:00.293Z;21,08333
2019-08-23T23:02:50.980Z;24,50000
2019-08-23T22:03:00.300Z;15,08333
2019-08-23T21:02:49.979Z;19,91667
2019-08-23T20:02:50.979Z;22,16667
2019-08-23T19:03:00.295Z;49,08333
2019-08-23T18:02:49.979Z;6,66667
2019-08-23T17:02:49.979Z;9,25000
2019-08-23T16:02:49.979Z;31,41667
2019-08-23T15:02:49.979Z;21,25000
2019-08-23T14:02:49.979Z;20,25000
2019-08-23T13:02:49.979Z;21,16667
2019-08-23T12:02:49.979Z;16,25000
2019-08-23T11:02:49.979Z;13,75000
2019-08-23T10:02:49.989Z;20,16667
2019-08-23T09:02:49.989Z;20,08333
2019-08-23T08:02:49.979Z;19,41667
2019-08-23T07:02:49.980Z;30,33333
2019-08-23T06:02:49.979Z;15,91667
2019-08-23T05:02:49.979Z;8,50000
2019-08-23T04:03:00.303Z;18,91667
2019-08-23T03:02:50.439Z;23,16667
2019-08-23T02:02:50.430Z;35,66666
2019-08-23T01:02:50.428Z;30,08333
2019-08-23T00:02:51.429Z;28,58333
2019-08-22T23:03:00.744Z;34,83333
2019-08-22T22:02:51.429Z;37,16667
2019-08-22T21:03:00.743Z;38,16667
2019-08-22T20:02:50.429Z;30,33333
2019-08-22T19:02:50.429Z;26,50000
2019-08-22T18:02:50.429Z;35,08334
2019-08-22T17:02:50.429Z;32,41667
2019-08-22T16:02:50.429Z;22,58333
2019-08-22T15:02:50.429Z;31,33333
2019-08-22T14:02:50.429Z;15,41667
2019-08-22T13:02:50.429Z;16,08334
2019-08-22T12:02:50.429Z;24,58333
2019-08-22T11:02:50.440Z;22,50000
2019-08-22T10:02:50.439Z;15,50000
2019-08-22T09:02:50.430Z;20,33333
2019-08-22T08:02:50.439Z;29,83333
2019-08-22T07:02:50.439Z;35,41666
2019-08-22T06:02:50.439Z;31,00000
2019-08-22T05:02:50.439Z;25,16667
2019-08-22T04:03:00.762Z;19,83333
2019-08-22T03:03:00.165Z;15,41667
2019-08-22T02:02:49.832Z;31,00000
2019-08-22T01:02:50.831Z;28,91667
2019-08-22T00:03:00.152Z;32,58333
2019-08-21T23:02:49.832Z;29,58333
2019-08-21T22:02:49.832Z;29,00000
2019-08-21T21:02:49.833Z;31,08333
2019-08-21T20:02:50.832Z;24,33333
2019-08-21T19:03:00.147Z;28,58334
2019-08-21T18:02:49.832Z;25,00000
2019-08-21T17:02:49.832Z;28,16667
2019-08-21T16:02:49.832Z;31,83333
2019-08-21T15:02:50.832Z;52,08333
2019-08-21T14:03:00.146Z;29,66667
2019-08-21T13:02:49.833Z;12,50000
2019-08-21T12:02:49.843Z;16,00000
2019-08-21T11:02:49.831Z;9,00000
2019-08-21T10:02:49.831Z;3,00000
2019-08-21T09:02:49.832Z;9,83333
2019-08-21T08:02:49.842Z;19,75000
2019-08-21T07:02:49.833Z;13,00000
2019-08-21T06:02:49.832Z;31,83334
2019-08-21T05:02:49.832Z;29,16667
2019-08-21T04:03:01.146Z;13,00000
2019-08-21T03:02:50.489Z;16,83333
2019-08-21T02:02:50.489Z;14,41667
2019-08-21T01:02:50.490Z;21,50000
2019-08-21T00:03:00.811Z;21,16667
2019-08-20T23:02:50.489Z;27,08333
2019-08-20T22:02:50.489Z;31,16666
2019-08-20T21:02:50.499Z;34,08333
2019-08-20T20:02:50.499Z;35,50000
2019-08-20T19:02:50.494Z;33,00000
2019-08-20T18:02:50.499Z;35,50000
2019-08-20T17:02:50.488Z;30,16667
2019-08-20T16:02:50.489Z;24,25000
2019-08-20T15:02:50.489Z;23,41667
2019-08-20T14:03:00.809Z;16,83333
2019-08-20T13:02:50.489Z;22,83333
2019-08-20T12:02:50.489Z;16,58333
2019-08-20T11:02:50.500Z;8,00000
2019-08-20T10:03:00.803Z;12,41667
2019-08-20T09:02:50.499Z;20,25000
2019-08-20T08:02:50.500Z;25,83333
2019-08-20T07:03:00.803Z;22,50000
2019-08-20T06:02:50.495Z;8,00000
2019-08-20T05:02:50.489Z;5,08333
2019-08-20T04:03:00.824Z;8,25000
2019-08-20T03:02:50.642Z;9,25000
2019-08-20T02:02:50.642Z;5,08333
2019-08-20T01:02:50.643Z;9,66667
2019-08-20T00:02:50.643Z;6,66667
2019-08-19T23:02:50.643Z;7,91667
2019-08-19T22:02:50.642Z;10,25000
2019-08-19T21:02:50.642Z;14,66667
2019-08-19T20:03:00.954Z;9,25000
2019-08-19T19:02:50.652Z;4,16667
2019-08-19T18:02:50.647Z;9,91667
2019-08-19T17:02:50.642Z;9,91667
2019-08-19T16:02:50.653Z;1,41667
2019-08-19T15:03:00.958Z;21,41667
2019-08-19T14:02:50.654Z;17,83333
2019-08-19T13:02:50.653Z;14,00000
2019-08-19T12:02:50.653Z;11,25000
2019-08-19T11:03:00.966Z;9,91667
2019-08-19T10:02:50.642Z;15,75000
2019-08-19T09:02:50.641Z;11,00000
2019-08-19T08:02:50.643Z;9,25000
2019-08-19T07:02:50.643Z;6,91667
2019-08-19T06:02:50.643Z;7,08333
2019-08-19T06:02:50.643Z;7,08333
2019-08-19T05:02:49.642Z;7,66667
2019-08-19T04:03:00.967Z;12,75000
2019-08-19T03:02:49.895Z;12,00000
2019-08-19T02:02:49.885Z;11,08333
2019-08-19T01:02:49.885Z;11,58333
2019-08-19T00:02:49.885Z;11,91667
2019-08-18T23:02:49.884Z;8,75000
2019-08-18T22:02:49.884Z;7,33333
2019-08-18T21:02:49.896Z;16,41667
2019-08-18T20:02:50.885Z;18,83333
2019-08-18T19:03:00.208Z;14,00000
2019-08-18T18:02:49.885Z;10,08333
2019-08-18T17:02:49.884Z;21,00000
2019-08-18T16:02:49.884Z;23,83333
2019-08-18T15:02:49.884Z;23,83333
2019-08-18T14:02:49.885Z;28,75000
2019-08-18T13:02:49.885Z;31,41667
2019-08-18T12:02:49.884Z;31,58333
2019-08-18T11:02:49.885Z;34,83334
2019-08-18T10:02:49.885Z;37,83334
2019-08-18T09:02:49.883Z;35,16667
2019-08-18T08:02:49.884Z;39,08333
2019-08-18T07:02:49.885Z;32,91667
2019-08-18T06:02:49.885Z;36,25000
2019-08-18T05:02:49.894Z;36,00000
2019-08-18T04:03:00.218Z;35,33333
2019-08-18T03:02:49.978Z;37,25000
2019-08-18T02:02:49.990Z;35,91666
2019-08-18T01:02:49.999Z;35,50000
2019-08-18T00:02:49.979Z;36,00000
2019-08-17T23:02:49.979Z;38,91666
2019-08-17T22:02:49.979Z;34,83333
2019-08-17T21:02:49.979Z;30,25000
2019-08-17T20:02:49.979Z;26,75000
2019-08-17T19:02:49.978Z;28,16666
2019-08-17T18:02:49.988Z;31,50000
2019-08-17T17:02:49.979Z;27,08334
2019-08-17T16:02:49.979Z;29,25000
2019-08-17T15:02:49.979Z;28,08333
2019-08-17T14:02:49.979Z;33,25000
2019-08-17T13:02:49.979Z;27,08333
2019-08-17T12:02:49.989Z;27,91667
2019-08-17T11:02:49.978Z;30,50000
2019-08-17T10:02:49.979Z;33,00000
2019-08-17T09:02:49.978Z;39,08333
2019-08-17T08:02:50.979Z;38,16666
2019-08-17T07:03:00.293Z;18,58333
2019-08-17T06:02:49.979Z;20,50000
2019-08-17T05:02:49.979Z;11,41667
2019-08-17T04:03:01.295Z;12,25000
2019-08-17T03:02:50.151Z;6,66667
2019-08-17T02:02:50.142Z;7,41667
2019-08-17T01:02:50.143Z;3,08333
2019-08-17T00:02:50.143Z;15,00000
2019-08-16T23:02:50.143Z;26,16667
2019-08-16T22:02:50.152Z;22,91667
2019-08-16T21:02:50.143Z;19,00000
2019-08-16T20:02:50.143Z;16,33333
2019-08-16T19:02:50.142Z;26,91666
2019-08-16T18:02:50.142Z;25,58333
2019-08-16T17:02:50.142Z;32,33333
2019-08-16T16:02:50.153Z;24,33333
2019-08-16T15:02:50.143Z;19,08333
2019-08-16T14:02:50.142Z;15,66667
2019-08-16T13:02:50.149Z;18,75000
2019-08-16T12:02:50.142Z;22,08333
2019-08-16T11:02:51.142Z;26,08333
2019-08-16T10:03:00.456Z;32,66666
2019-08-16T09:02:50.142Z;37,08334
2019-08-16T08:02:50.143Z;42,91667
2019-08-16T07:02:51.143Z;38,33333
2019-08-16T06:03:00.456Z;26,75000
2019-08-16T05:02:50.141Z;24,16667
2019-08-16T04:03:00.476Z;16,00000
2019-08-16T03:02:49.828Z;15,58333
2019-08-16T02:02:49.827Z;12,41667
2019-08-16T01:02:49.828Z;16,00000
2019-08-16T00:02:49.828Z;19,91667
2019-08-15T23:02:49.827Z;17,08333
2019-08-15T22:02:49.828Z;26,91667
2019-08-15T21:02:49.839Z;19,41667
2019-08-15T20:02:49.838Z;17,58333
2019-08-15T19:02:49.838Z;19,50000
2019-08-15T18:02:49.839Z;22,16667
2019-08-15T17:02:49.833Z;18,41667
2019-08-15T16:02:50.838Z;16,00000
2019-08-15T15:03:00.142Z;17,75000
2019-08-15T14:02:49.829Z;6,50000
2019-08-15T13:02:49.828Z;7,33333
2019-08-15T12:02:49.827Z;9,91667
2019-08-15T11:02:49.828Z;15,00000
2019-08-15T10:02:49.828Z;34,66667
2019-08-15T09:02:49.826Z;27,50000
2019-08-15T08:02:49.828Z;12,91667
2019-08-15T07:02:49.828Z;20,41667
2019-08-15T06:02:49.835Z;13,66667
2019-08-15T05:02:49.837Z;10,66667
2019-08-15T04:03:01.152Z;10,75000
2019-08-15T03:02:50.589Z;6,50000
2019-08-15T02:02:50.585Z;12,75000
2019-08-15T01:02:50.586Z;6,41667
2019-08-15T00:02:50.586Z;8,75000
2019-08-14T23:02:50.586Z;13,25000
2019-08-14T22:02:50.586Z;13,33333
2019-08-14T21:02:50.596Z;22,00000
2019-08-14T20:02:50.586Z;19,91667
2019-08-14T19:02:50.586Z;20,83333
2019-08-14T18:02:50.586Z;15,25000
2019-08-14T17:02:50.591Z;18,75000
2019-08-14T16:02:50.586Z;12,33333
2019-08-14T15:02:50.592Z;10,83333
2019-08-14T14:02:50.586Z;11,91667
2019-08-14T13:02:50.586Z;10,66667
2019-08-14T12:02:50.586Z;17,83333
2019-08-14T11:02:50.586Z;13,50000
2019-08-14T10:02:50.586Z;34,08333
2019-08-14T09:02:50.585Z;29,66667
2019-08-14T08:02:50.585Z;18,41667
2019-08-14T07:02:50.585Z;28,91667
2019-08-14T06:02:50.591Z;29,50000
2019-08-14T05:02:49.596Z;20,08333
2019-08-14T04:03:00.909Z;16,16667
2019-08-14T03:02:50.260Z;18,00000
2019-08-14T02:02:50.270Z;17,08333
2019-08-14T01:02:50.264Z;15,41667
2019-08-14T00:02:50.259Z;24,66667
2019-08-13T23:02:50.260Z;18,16667
2019-08-13T22:02:50.260Z;16,08333
2019-08-13T21:02:50.259Z;21,16667
2019-08-13T20:02:50.259Z;20,66667
2019-08-13T19:02:51.258Z;13,83333
2019-08-13T18:03:00.572Z;21,33333
2019-08-13T17:02:50.259Z;14,66667
2019-08-13T16:02:50.260Z;18,00000
2019-08-13T15:02:50.260Z;15,00000
2019-08-13T14:02:50.260Z;19,83333
2019-08-13T13:02:50.260Z;15,66667
2019-08-13T12:02:50.270Z;13,41667
2019-08-13T11:02:50.258Z;19,58333
2019-08-13T10:02:50.259Z;9,58333
2019-08-13T09:02:50.259Z;17,00000
2019-08-13T08:02:51.259Z;21,41667
2019-08-13T07:03:00.578Z;13,66667
2019-08-13T06:02:50.265Z;14,41667
2019-08-13T05:02:50.259Z;9,83333
2019-08-13T04:03:00.583Z;7,16667
2019-08-13T03:03:00.434Z;13,66667
2019-08-13T02:02:50.121Z;17,66667
2019-08-13T01:02:50.122Z;21,91667
2019-08-13T00:02:51.122Z;17,08333
2019-08-12T23:03:00.435Z;13,83333
2019-08-12T22:02:50.121Z;16,41667
2019-08-12T21:02:50.132Z;22,66667
2019-08-12T20:02:50.132Z;21,75000
2019-08-12T19:02:50.132Z;21,25000
2019-08-12T18:02:50.121Z;17,58333
2019-08-12T17:02:50.132Z;12,58333
2019-08-12T16:02:51.122Z;8,41667
2019-08-12T15:03:00.445Z;10,66667
2019-08-12T14:02:50.122Z;7,58333
2019-08-12T13:02:50.122Z;8,08333
2019-08-12T12:02:50.122Z;16,08333
2019-08-12T11:02:50.122Z;7,91667
2019-08-12T10:02:50.121Z;6,91667
2019-08-12T09:02:50.128Z;11,83333
2019-08-12T08:02:51.122Z;12,91667
2019-08-12T07:03:00.435Z;21,00000
2019-08-12T06:02:50.122Z;30,66667
2019-08-12T05:02:50.132Z;3,50000
2019-08-12T04:03:01.434Z;4,16667
2019-08-12T03:02:50.579Z;3,58333
2019-08-12T02:02:50.580Z;4,41667
2019-08-12T01:02:50.581Z;2,91667
2019-08-12T00:03:00.895Z;2,50000
2019-08-11T23:02:50.580Z;5,08333
2019-08-11T22:02:50.579Z;2,41667
2019-08-11T21:02:50.589Z;6,50000
2019-08-11T20:02:50.579Z;8,50000
2019-08-11T19:02:59.904Z;3,25000
2019-08-11T18:02:49.821Z;21,83333
2019-08-11T17:02:49.821Z;18,58333
2019-08-11T16:02:49.821Z;21,00000
2019-08-11T15:02:50.831Z;19,58333
2019-08-11T14:03:00.135Z;16,16667
2019-08-11T13:02:49.831Z;20,91666
2019-08-11T12:02:49.821Z;15,08333
2019-08-11T11:02:49.821Z;16,91667
2019-08-11T10:02:49.822Z;15,75000
2019-08-11T09:02:49.821Z;19,50000
2019-08-11T08:02:49.822Z;16,83333
2019-08-11T07:02:49.831Z;19,41667
2019-08-11T06:02:49.821Z;20,66667
2019-08-11T05:02:49.831Z;17,66667
2019-08-11T04:03:01.155Z;8,33333
2019-08-11T03:02:49.883Z;15,33333
2019-08-11T02:02:49.885Z;26,16667
2019-08-11T01:02:49.884Z;21,50000
2019-08-11T00:02:49.883Z;18,41667
2019-08-10T23:02:49.884Z;11,66667
2019-08-10T22:02:49.883Z;28,66667
2019-08-10T21:02:49.884Z;25,08333
2019-08-10T20:02:49.884Z;27,33333
2019-08-10T19:02:49.884Z;21,50000
2019-08-10T18:02:49.884Z;23,25000
2019-08-10T17:02:49.894Z;24,58333
2019-08-10T16:02:49.883Z;21,16667
2019-08-10T15:02:49.883Z;24,08333
2019-08-10T14:02:50.884Z;23,50000
2019-08-10T13:03:00.199Z;27,91667
2019-08-10T12:02:49.884Z;24,25000
2019-08-10T11:02:49.884Z;26,75000
2019-08-10T10:02:49.884Z;33,16667
2019-08-10T09:02:49.884Z;36,33333
2019-08-10T08:02:49.883Z;34,50000
2019-08-10T07:02:50.883Z;28,83333
2019-08-10T06:03:00.197Z;31,83333
2019-08-10T05:02:49.896Z;32,66667
2019-08-10T04:03:01.209Z;34,00000
2019-08-10T03:02:49.929Z;32,00000
2019-08-10T02:02:49.929Z;35,25000
2019-08-10T01:02:49.929Z;37,41667
2019-08-10T00:02:49.928Z;34,83334
2019-08-09T23:02:49.929Z;33,08334
2019-08-09T22:02:50.929Z;31,41667
2019-08-09T21:03:00.243Z;32,25000
2019-08-09T20:02:49.940Z;33,83333
2019-08-09T19:02:49.934Z;27,75000
2019-08-09T18:02:49.929Z;26,25000
2019-08-09T17:02:49.929Z;23,75000
2019-08-09T16:02:49.929Z;21,00000
2019-08-09T15:02:49.929Z;16,33333
2019-08-09T14:02:49.929Z;27,58333
2019-08-09T13:02:49.928Z;26,16667
2019-08-09T12:02:49.929Z;20,00000
2019-08-09T11:02:49.929Z;26,75000
2019-08-09T10:02:49.930Z;23,50000
2019-08-09T09:02:49.929Z;24,66667
2019-08-09T08:02:49.929Z;35,25000
2019-08-09T07:02:49.930Z;22,66667
2019-08-09T06:02:49.930Z;19,41667
2019-08-09T05:02:49.928Z;23,50000
2019-08-09T04:03:01.241Z;24,08333
2019-08-09T03:02:50.349Z;19,08333
2019-08-09T02:02:50.350Z;31,58333
2019-08-09T01:02:50.349Z;33,91666
2019-08-09T00:02:50.350Z;30,25000
2019-08-08T23:02:50.350Z;29,08333
2019-08-08T22:02:50.349Z;34,16667
2019-08-08T21:02:50.349Z;38,91667
2019-08-08T20:02:50.349Z;23,66667
2019-08-08T19:02:50.349Z;27,83334
2019-08-08T18:02:50.359Z;26,00000
2019-08-08T17:02:50.348Z;23,16667
2019-08-08T16:02:50.350Z;18,25000
2019-08-08T15:02:51.349Z;20,83333
2019-08-08T14:03:00.664Z;27,75000
2019-08-08T13:02:50.350Z;25,16667
2019-08-08T12:02:50.349Z;37,41667
2019-08-08T11:02:50.350Z;36,75000
2019-08-08T10:02:50.349Z;34,41667
2019-08-08T09:02:50.349Z;42,00000
2019-08-08T08:02:50.349Z;33,41666
2019-08-08T07:02:50.349Z;31,66667
2019-08-08T06:02:50.349Z;28,91667
2019-08-08T05:02:50.359Z;27,41667
2019-08-08T04:03:00.673Z;34,66667
2019-08-08T03:02:50.190Z;31,91666
2019-08-08T02:02:50.186Z;32,58333
2019-08-08T01:02:50.187Z;29,08334
2019-08-08T00:02:50.188Z;32,00000
2019-08-07T23:02:50.187Z;35,16667
2019-08-07T22:02:50.188Z;36,25000
2019-08-07T21:02:50.193Z;33,66667
2019-08-07T20:02:50.188Z;31,66667
2019-08-07T19:02:50.187Z;27,50000
2019-08-07T18:02:51.188Z;22,58333
2019-08-07T17:03:00.502Z;30,16667
2019-08-07T16:02:50.194Z;25,66667
2019-08-07T15:02:50.188Z;19,83333
2019-08-07T14:02:50.188Z;20,83333
2019-08-07T13:02:50.187Z;22,50000
2019-08-07T12:02:50.198Z;18,50000
2019-08-07T11:02:50.188Z;28,08333
2019-08-07T10:02:50.187Z;26,91667
2019-08-07T09:02:50.188Z;25,75000
2019-08-07T08:02:51.188Z;31,00000
2019-08-07T07:03:00.502Z;19,25000
2019-08-07T06:02:50.188Z;19,16667
2019-08-07T05:02:50.197Z;14,50000
2019-08-07T04:03:00.523Z;23,91667
2019-08-07T03:02:50.628Z;23,58333
2019-08-07T02:02:50.630Z;21,00000
2019-08-07T01:02:50.629Z;29,50000
2019-08-07T00:02:50.628Z;14,33333
2019-08-06T23:02:50.629Z;25,41667
2019-08-06T22:02:50.629Z;32,75000
2019-08-06T21:02:50.629Z;32,66666
2019-08-06T20:02:50.630Z;25,00000
2019-08-06T19:02:50.640Z;31,08333
2019-08-06T18:02:50.635Z;26,50000
2019-08-06T17:02:50.632Z;24,08333
2019-08-06T16:02:50.639Z;18,66667
2019-08-06T15:03:00.943Z;19,33333
2019-08-06T14:02:50.639Z;16,33333
2019-08-06T13:02:50.639Z;14,83333
2019-08-06T12:02:50.639Z;14,00000
2019-08-06T11:02:50.630Z;14,08333
2019-08-06T10:02:50.629Z;24,58333
2019-08-06T09:02:50.628Z;22,08333
2019-08-06T08:02:50.630Z;21,41667
2019-08-06T07:02:50.630Z;20,08333
2019-08-06T06:02:50.629Z;9,33333
2019-08-06T05:02:49.628Z;9,08333
2019-08-06T04:03:00.956Z;8,08333
2019-08-06T03:02:50.219Z;8,25000
2019-08-06T02:02:50.230Z;13,16667
2019-08-06T01:02:50.230Z;12,00000
2019-08-06T00:02:51.230Z;15,08333
2019-08-05T23:03:00.534Z;23,25000
2019-08-05T22:02:50.219Z;26,66667
2019-08-05T21:02:50.229Z;16,25000
2019-08-05T20:02:50.220Z;25,00000
2019-08-05T19:02:51.219Z;12,83333
2019-08-05T18:03:00.534Z;8,91667
2019-08-05T17:02:50.219Z;8,91667
2019-08-05T16:02:50.220Z;11,75000
2019-08-05T15:02:50.220Z;6,83333
2019-08-05T14:02:50.220Z;11,00000
2019-08-05T13:02:50.219Z;4,83333
2019-08-05T12:02:50.220Z;11,75000
2019-08-05T11:02:50.219Z;13,08333
2019-08-05T10:02:50.220Z;15,50000
2019-08-05T09:02:50.219Z;7,00000
2019-08-05T08:02:50.219Z;11,75000
2019-08-05T07:02:50.220Z;5,33333
2019-08-05T06:02:50.219Z;4,75000
2019-08-05T05:02:50.230Z;3,08333
2019-08-05T04:03:01.562Z;5,16667
2019-08-05T03:02:50.170Z;3,75000
2019-08-05T02:02:50.170Z;4,58333
2019-08-05T01:02:50.290Z;7,83333
2019-08-05T00:02:50.270Z;5,50000
2019-08-04T23:02:50.170Z;10,75000
2019-08-04T22:02:50.170Z;16,25000
2019-08-04T21:02:50.160Z;14,75000
2019-08-04T20:02:50.170Z;14,08333
2019-08-04T19:02:50.170Z;8,16667
2019-08-04T18:02:51.170Z;4,50000
2019-08-04T17:03:00.331Z;4,00000
2019-08-04T16:02:50.180Z;8,33333
2019-08-04T15:02:51.170Z;4,75000
2019-08-04T14:03:01.331Z;7,33333
2019-08-04T13:03:00.328Z;6,00000
2019-08-04T12:02:50.170Z;13,16667
2019-08-04T11:02:50.160Z;14,58333
2019-08-04T10:02:50.170Z;6,33333
2019-08-04T09:02:50.170Z;10,91667
2019-08-04T08:02:51.160Z;6,41667
2019-08-04T07:03:00.331Z;16,41667
2019-08-04T06:02:50.160Z;17,83333
2019-08-04T05:02:50.210Z;7,83333
2019-08-04T04:03:00.339Z;12,00000
2019-08-04T03:03:00.455Z;12,91667
2019-08-04T02:02:50.154Z;18,58333
2019-08-04T01:02:50.143Z;20,16667
2019-08-04T00:02:51.144Z;16,41667
2019-08-03T23:03:00.476Z;21,66666
2019-08-03T22:02:50.144Z;15,50000
2019-08-03T21:02:50.144Z;21,50000
2019-08-03T20:02:50.144Z;16,00000
2019-08-03T19:02:51.143Z;7,00000
2019-08-03T18:03:00.458Z;6,33333
2019-08-03T17:02:50.143Z;15,50000
2019-08-03T16:02:50.143Z;11,50000
2019-08-03T15:02:50.143Z;20,58333
2019-08-03T14:02:50.144Z;17,08333
2019-08-03T13:02:50.143Z;15,25000
2019-08-03T12:02:50.144Z;31,41667
2019-08-03T11:02:51.144Z;34,00000
2019-08-03T10:03:00.477Z;34,08334
2019-08-03T09:02:50.144Z;21,33333
2019-08-03T08:02:51.143Z;11,41667
2019-08-03T07:03:00.460Z;16,83333
2019-08-03T06:02:50.143Z;11,58333
2019-08-03T05:02:50.144Z;12,08333
2019-08-03T04:03:00.458Z;11,66667
2019-08-03T03:02:50.239Z;11,58333
2019-08-03T02:02:50.249Z;8,75000
2019-08-03T01:02:50.249Z;13,00000
2019-08-03T00:02:50.238Z;25,33334
2019-08-02T23:02:50.239Z;12,66667
2019-08-02T22:02:50.238Z;16,50000
2019-08-02T21:02:50.239Z;18,00000
2019-08-02T20:02:50.238Z;15,50000
2019-08-02T19:02:50.239Z;15,58333
2019-08-02T18:02:50.238Z;11,25000
2019-08-02T17:02:50.239Z;13,16667
2019-08-02T16:02:50.249Z;16,33333
2019-08-02T15:02:50.249Z;19,16667
2019-08-02T14:02:50.239Z;21,41667
2019-08-02T13:02:50.239Z;19,41667
2019-08-02T12:02:50.239Z;17,91667
2019-08-02T11:02:51.239Z;23,66667
2019-08-02T10:03:00.553Z;28,16667
2019-08-02T09:02:50.245Z;28,33333
2019-08-02T08:02:50.239Z;19,41667
2019-08-02T07:02:50.238Z;12,58333
2019-08-02T06:02:50.239Z;14,16667
2019-08-02T05:02:50.249Z;15,41667
2019-08-02T04:03:00.561Z;36,58333
2019-08-02T03:02:50.208Z;13,58333
2019-08-02T02:02:50.207Z;19,33333
2019-08-02T01:02:50.208Z;17,16667
2019-08-02T00:02:50.218Z;14,50000
2019-08-01T23:02:51.218Z;19,16667
2019-08-01T22:03:00.522Z;14,00000
2019-08-01T21:02:50.218Z;14,66667
2019-08-01T20:02:50.208Z;11,33333
2019-08-01T19:02:50.207Z;16,58333
2019-08-01T18:02:50.208Z;10,66667
2019-08-01T17:02:50.208Z;10,50000
2019-08-01T16:02:50.208Z;16,50000
2019-08-01T15:02:50.208Z;12,83333
2019-08-01T14:02:50.208Z;28,66667
2019-08-01T13:02:50.214Z;21,00000
2019-08-01T12:02:50.207Z;18,66667
2019-08-01T11:02:50.208Z;27,66667
2019-08-01T10:02:50.208Z;26,83333
2019-08-01T09:02:50.208Z;32,41667
2019-08-01T08:02:50.208Z;42,75000
2019-08-01T07:02:51.208Z;28,41666
2019-08-01T06:03:00.526Z;30,25000
2019-08-01T05:02:50.206Z;24,75000
2019-08-01T04:03:00.522Z;25,00000
2019-08-01T03:03:00.384Z;18,83333
2019-08-01T02:02:50.830Z;28,50000
2019-08-01T01:02:50.820Z;24,66667
2019-08-01T00:02:50.810Z;25,16666
2019-07-31T23:02:50.720Z;23,91667
2019-07-31T22:02:50.710Z;27,66667
2019-07-31T21:02:50.720Z;25,66667
2019-07-31T20:02:50.720Z;34,41667
2019-07-31T19:02:50.720Z;28,91666
2019-07-31T18:02:50.720Z;20,16667
2019-07-31T17:02:50.830Z;19,50000
2019-07-31T16:02:50.720Z;12,25000
2019-07-31T15:02:50.720Z;20,66667
2019-07-31T14:02:50.720Z;21,66666
2019-07-31T13:02:50.780Z;24,08333
2019-07-31T12:02:50.720Z;12,58333
2019-07-31T11:02:50.720Z;23,50000
2019-07-31T10:02:50.710Z;29,83333
2019-07-31T09:02:50.720Z;42,83333
2019-07-31T08:02:50.710Z;22,00000
2019-07-31T07:02:50.720Z;20,91667
2019-07-31T06:02:50.830Z;11,66667
2019-07-31T05:02:50.810Z;16,33333
2019-07-31T04:03:00.396Z;17,75000
2019-07-31T03:02:50.398Z;18,50000
2019-07-31T02:02:50.399Z;22,50000
2019-07-31T01:02:50.408Z;16,41667
2019-07-31T00:02:50.408Z;18,16667
2019-07-30T23:02:50.398Z;16,08333
2019-07-30T22:02:50.399Z;16,00000
2019-07-30T21:02:50.399Z;15,41667
2019-07-30T20:02:51.399Z;21,16667
2019-07-30T19:03:00.712Z;14,66667
2019-07-30T18:02:50.399Z;15,83333
2019-07-30T17:02:50.399Z;16,33333
2019-07-30T16:02:51.398Z;13,66667
2019-07-30T15:03:00.722Z;9,08333
2019-07-30T14:02:50.399Z;14,33333
2019-07-30T13:02:50.398Z;10,00000
2019-07-30T12:02:50.399Z;12,25000
2019-07-30T11:02:50.399Z;11,50000
2019-07-30T10:02:51.409Z;11,16667
2019-07-30T09:03:00.712Z;13,58333
2019-07-30T08:02:50.408Z;10,33333
2019-07-30T07:02:50.399Z;6,75000
2019-07-30T06:02:50.399Z;9,75000
2019-07-30T05:02:50.403Z;7,00000
2019-07-30T04:03:00.733Z;6,75000
2019-07-30T03:02:50.810Z;8,00000
2019-07-30T02:02:50.900Z;6,91667
2019-07-30T01:02:50.900Z;11,83333
2019-07-30T00:02:50.810Z;10,75000
2019-07-29T23:02:50.810Z;12,00000
2019-07-29T22:02:50.810Z;8,58333
2019-07-29T21:02:50.800Z;7,00000
2019-07-29T20:02:50.800Z;16,33333
2019-07-29T19:04:00.810Z;17,41666
2019-07-29T18:02:50.800Z;20,91667
2019-07-29T17:02:50.800Z;11,83333
2019-07-29T16:02:50.810Z;8,91667
2019-07-29T15:02:50.810Z;7,75000
2019-07-29T14:02:50.800Z;11,41667
2019-07-29T13:02:50.810Z;12,83333
2019-07-29T12:02:50.800Z;14,25000
2019-07-29T11:02:50.810Z;16,75000
2019-07-29T10:02:50.800Z;12,00000
2019-07-29T09:02:50.790Z;15,41667
2019-07-29T08:02:51.800Z;11,75000
2019-07-29T07:03:00.394Z;11,25000
2019-07-29T06:02:50.860Z;9,83333
2019-07-29T05:02:50.900Z;8,25000
2019-07-29T04:03:01.415Z;4,75000
2019-07-29T03:02:50.700Z;11,33333
2019-07-29T02:02:50.700Z;16,91667
2019-07-29T01:02:50.700Z;16,08333
2019-07-29T00:02:50.700Z;7,91667
2019-07-28T23:03:01.140Z;9,50000
2019-07-28T22:02:50.700Z;10,00000
2019-07-28T21:02:50.701Z;5,16667
2019-07-28T20:02:50.700Z;5,25000
2019-07-28T19:03:01.140Z;9,58333
2019-07-28T18:03:01.180Z;8,58333
2019-07-28T17:02:50.700Z;7,50000
2019-07-28T16:02:50.711Z;9,33333
2019-07-28T15:02:50.707Z;10,50000
2019-07-28T14:02:50.700Z;9,58333
2019-07-28T13:02:50.700Z;9,41667
2019-07-28T12:02:50.700Z;9,58333
2019-07-28T11:02:50.710Z;16,00000
2019-07-28T10:02:50.711Z;14,50000
2019-07-28T09:02:50.704Z;14,50000
2019-07-28T08:02:50.701Z;9,66667
2019-07-28T07:02:50.711Z;18,66667
2019-07-28T06:02:50.700Z;14,41667
2019-07-28T05:02:49.699Z;12,41667
2019-07-28T04:03:01.240Z;9,91667
2019-07-28T03:02:49.780Z;12,41667
2019-07-28T02:02:49.779Z;13,83333
2019-07-28T01:02:49.779Z;13,16667
2019-07-28T00:02:49.780Z;20,08333
2019-07-27T23:02:49.779Z;8,75000
2019-07-27T22:02:49.779Z;11,08333
2019-07-27T21:02:49.789Z;14,08333
2019-07-27T20:02:49.780Z;6,91667
2019-07-27T19:02:49.779Z;6,41667
2019-07-27T18:02:49.778Z;7,16667
2019-07-27T17:02:49.779Z;6,08333
2019-07-27T16:02:49.780Z;10,00000
2019-07-27T15:02:49.779Z;8,83333
2019-07-27T14:02:50.779Z;11,66667
2019-07-27T13:03:00.112Z;14,41667
2019-07-27T12:02:49.780Z;12,66667
2019-07-27T11:02:49.779Z;18,00000
2019-07-27T10:02:49.780Z;15,83333
2019-07-27T09:02:49.779Z;17,58333
2019-07-27T08:02:49.779Z;13,41667
2019-07-27T07:02:49.779Z;6,00000
2019-07-27T06:02:50.779Z;3,50000
2019-07-27T05:03:00.930Z;5,75000
2019-07-27T04:03:01.104Z;10,25000
2019-07-27T03:02:50.641Z;12,75000
2019-07-27T02:02:50.647Z;9,91667
2019-07-27T01:02:50.652Z;11,75000
2019-07-27T00:02:50.641Z;8,91667
2019-07-26T23:02:50.641Z;11,75000
2019-07-26T22:02:50.641Z;6,91667
2019-07-26T21:02:50.646Z;10,41667
2019-07-26T20:02:50.641Z;9,33333
2019-07-26T19:02:50.641Z;10,41667
2019-07-26T18:02:50.640Z;5,83333
2019-07-26T17:03:00.957Z;7,16667
2019-07-26T16:02:50.651Z;5,50000
2019-07-26T15:02:50.641Z;4,83333
2019-07-26T14:02:50.641Z;8,08333
2019-07-26T13:02:50.641Z;4,91667
2019-07-26T12:02:50.651Z;8,25000
2019-07-26T11:02:50.640Z;9,66667
2019-07-26T10:02:50.641Z;9,91667
2019-07-26T09:02:50.640Z;14,83333
2019-07-26T08:02:50.640Z;14,33333
2019-07-26T07:02:50.641Z;16,58333
2019-07-26T06:02:50.641Z;17,08333
2019-07-26T05:02:49.641Z;18,75000
2019-07-26T04:02:59.957Z;11,16667
2019-07-26T03:02:50.669Z;14,00000
2019-07-26T02:02:50.669Z;11,75000
2019-07-26T01:02:50.669Z;13,33333
2019-07-26T00:02:50.669Z;14,75000
2019-07-25T23:02:50.679Z;15,33333
2019-07-25T22:02:50.680Z;14,41667
2019-07-25T21:02:50.680Z;13,66667
2019-07-25T20:02:50.668Z;17,08333
2019-07-25T19:02:50.669Z;18,58333
2019-07-25T18:02:50.669Z;13,25000
2019-07-25T17:03:00.983Z;17,41667
2019-07-25T16:02:50.669Z;14,00000
2019-07-25T15:02:50.669Z;12,75000
2019-07-25T14:02:50.669Z;11,91667
2019-07-25T13:02:50.678Z;8,91667
2019-07-25T12:02:50.669Z;21,66667
2019-07-25T11:02:50.679Z;22,41667
2019-07-25T10:03:01.200Z;33,83333
2019-07-25T09:02:50.669Z;32,08333
2019-07-25T08:02:50.670Z;29,33333
2019-07-25T07:02:50.669Z;13,08333
2019-07-25T06:02:50.669Z;10,58333
2019-07-25T05:02:49.679Z;8,75000
2019-07-25T04:03:00.984Z;6,41667
2019-07-25T03:02:50.200Z;14,25000
2019-07-25T02:02:50.200Z;7,25000
2019-07-25T01:02:50.209Z;12,58333
2019-07-25T00:02:50.209Z;13,58333
2019-07-24T23:02:50.199Z;21,08333
2019-07-24T22:02:50.199Z;8,25000
2019-07-24T21:02:50.199Z;10,91667
2019-07-24T20:02:50.200Z;9,58333
2019-07-24T19:02:51.200Z;16,08333
2019-07-24T18:03:00.513Z;21,08333
2019-07-24T17:02:50.209Z;14,58333
2019-07-24T16:02:50.198Z;13,33333
2019-07-24T15:02:50.200Z;16,75000
2019-07-24T14:02:50.199Z;26,25000
2019-07-24T13:02:50.200Z;16,58333
2019-07-24T12:02:50.199Z;14,75000
2019-07-24T11:02:50.200Z;39,08334
2019-07-24T10:02:50.199Z;35,58334
2019-07-24T09:02:50.200Z;28,16667
2019-07-24T08:02:51.199Z;33,00000
2019-07-24T07:03:00.513Z;13,66667
2019-07-24T06:02:50.199Z;19,83333
2019-07-24T05:02:50.209Z;11,41667
2019-07-24T04:03:01.523Z;9,41667
2019-07-24T03:03:00.942Z;6,00000
2019-07-24T02:02:50.627Z;8,00000
2019-07-24T01:02:50.628Z;15,83333
2019-07-24T00:02:50.637Z;10,91667
2019-07-23T23:03:00.941Z;10,08333
2019-07-23T22:02:50.638Z;21,08333
2019-07-23T21:02:50.627Z;15,08333
2019-07-23T20:02:50.627Z;15,58333
2019-07-23T19:02:50.628Z;11,58333
2019-07-23T18:02:50.638Z;11,91667
2019-07-23T17:02:50.638Z;8,83333
2019-07-23T16:02:50.627Z;8,41667
2019-07-23T15:03:00.958Z;8,66667
2019-07-23T14:02:50.628Z;10,33333
2019-07-23T13:02:50.628Z;17,58333
2019-07-23T12:02:50.628Z;16,25000
2019-07-23T11:03:00.941Z;20,16667
2019-07-23T10:02:50.627Z;14,50000
2019-07-23T09:02:50.628Z;14,58333
2019-07-23T08:02:50.628Z;14,91667
2019-07-23T07:02:50.628Z;7,83333
2019-07-23T06:02:50.628Z;4,08333
2019-07-23T05:02:49.627Z;14,00000
2019-07-23T04:03:00.960Z;12,91667
2019-07-23T03:02:49.886Z;15,25000
2019-07-23T02:02:49.896Z;11,00000
2019-07-23T01:02:49.887Z;13,16667
2019-07-23T00:02:49.887Z;13,91667
2019-07-22T23:02:49.886Z;19,41667
2019-07-22T22:02:49.887Z;17,25000
2019-07-22T21:02:49.887Z;12,25000
2019-07-22T20:02:49.887Z;16,58333
2019-07-22T19:02:50.887Z;7,41667
2019-07-22T18:03:00.209Z;11,08333
2019-07-22T17:02:49.887Z;8,41667
2019-07-22T16:02:49.886Z;9,83333
2019-07-22T15:02:49.886Z;8,33333
2019-07-22T14:02:49.887Z;12,58333
2019-07-22T13:02:49.893Z;12,00000
2019-07-22T12:02:49.887Z;14,41667
2019-07-22T11:02:50.887Z;17,08333
2019-07-22T10:03:00.202Z;16,66667
2019-07-22T09:02:49.886Z;18,41667
2019-07-22T08:02:49.887Z;9,33333
2019-07-22T07:02:49.887Z;7,25000
2019-07-22T06:02:49.886Z;8,66667
2019-07-22T05:02:49.897Z;19,50000
2019-07-22T04:03:01.203Z;15,66667
2019-07-22T03:03:00.224Z;18,75000
2019-07-22T02:02:49.911Z;19,25000
2019-07-22T01:02:49.910Z;19,50000
2019-07-22T00:02:49.911Z;17,58333
2019-07-21T23:02:49.911Z;19,25000
2019-07-21T22:02:49.910Z;17,16667
2019-07-21T21:02:50.920Z;9,41667
2019-07-21T20:03:00.224Z;10,00000
2019-07-21T19:02:49.911Z;10,66667
2019-07-21T18:02:49.910Z;12,25000
2019-07-21T17:02:49.910Z;8,58333
2019-07-21T16:02:49.911Z;9,41667
2019-07-21T15:02:50.917Z;11,08333
2019-07-21T14:03:01.224Z;10,00000
2019-07-21T13:03:00.225Z;9,41667
2019-07-21T12:02:50.911Z;13,08333
2019-07-21T11:03:00.224Z;11,91667
2019-07-21T10:02:49.911Z;12,25000
2019-07-21T09:02:49.911Z;10,83333
2019-07-21T08:02:49.911Z;6,91667
2019-07-21T07:02:49.910Z;5,16667
2019-07-21T06:02:49.910Z;11,75000
2019-07-21T05:02:49.921Z;7,75000
2019-07-21T04:03:01.235Z;5,50000
2019-07-21T03:02:49.767Z;14,00000
2019-07-21T02:02:49.767Z;19,08333
2019-07-21T01:02:49.767Z;17,58333
2019-07-21T00:02:49.767Z;19,91667
2019-07-20T23:02:49.767Z;13,83333
2019-07-20T22:02:50.767Z;16,58333
2019-07-20T21:03:00.810Z;16,83333
2019-07-20T20:02:49.767Z;13,41667
2019-07-20T19:02:49.767Z;13,83333
2019-07-20T18:02:49.767Z;9,75000
2019-07-20T17:02:49.767Z;9,83333
2019-07-20T16:02:49.778Z;9,25000
2019-07-20T15:02:49.777Z;10,16667
2019-07-20T14:02:49.767Z;13,58333
2019-07-20T13:02:49.767Z;10,41667
2019-07-20T12:02:49.766Z;11,75000
2019-07-20T11:02:49.767Z;21,66667
2019-07-20T10:02:49.767Z;31,25000
2019-07-20T09:02:49.767Z;25,83333
2019-07-20T08:02:49.767Z;22,16667
2019-07-20T07:02:49.767Z;21,66667
2019-07-20T06:02:49.767Z;21,16667
2019-07-20T05:02:49.778Z;26,41667
2019-07-20T04:03:00.800Z;21,41667
2019-07-20T03:02:50.352Z;19,66667
2019-07-20T02:02:50.352Z;22,66667
2019-07-20T01:02:50.352Z;25,50000
2019-07-20T00:02:50.362Z;35,50000
2019-07-19T23:02:50.351Z;26,00000
2019-07-19T22:02:50.351Z;28,58333
2019-07-19T21:02:50.358Z;24,00000
2019-07-19T20:02:51.352Z;16,83333
2019-07-19T19:03:00.666Z;15,08333
2019-07-19T18:02:50.363Z;12,91667
2019-07-19T17:02:50.362Z;11,08333
2019-07-19T16:02:50.352Z;5,66667
2019-07-19T15:02:50.352Z;10,75000
2019-07-19T14:02:50.351Z;24,00000
2019-07-19T13:02:50.352Z;14,25000
2019-07-19T12:02:50.353Z;18,75000
2019-07-19T11:02:50.352Z;37,75000
2019-07-19T10:02:50.352Z;33,00000
2019-07-19T09:02:50.350Z;30,16667
2019-07-19T08:02:50.352Z;18,50000
2019-07-19T07:02:50.352Z;15,58333
2019-07-19T06:02:50.363Z;21,41667
2019-07-19T05:02:50.352Z;13,08333
2019-07-19T04:03:00.677Z;11,50000
2019-07-19T03:03:00.181Z;12,50000
2019-07-19T02:02:49.868Z;13,16667
2019-07-19T01:02:49.867Z;26,75000
2019-07-19T00:02:49.868Z;24,25000
2019-07-18T23:02:49.873Z;25,50000
2019-07-18T22:02:49.867Z;24,00000
2019-07-18T21:02:49.867Z;24,91667
2019-07-18T20:02:49.868Z;19,33333
2019-07-18T20:02:49.868Z;19,33333
2019-07-18T19:02:49.868Z;23,66667
2019-07-18T18:02:49.867Z;13,41667
2019-07-18T17:02:50.868Z;12,66667
2019-07-18T16:03:00.181Z;10,50000
2019-07-18T15:02:50.868Z;6,25000
2019-07-18T14:03:00.182Z;6,91667
2019-07-18T13:02:49.867Z;5,91667
2019-07-18T12:02:49.867Z;5,16667
2019-07-18T11:02:49.867Z;4,50000
2019-07-18T10:02:49.868Z;11,66667
2019-07-18T09:03:04.868Z;18,16667
2019-07-18T08:02:49.867Z;15,75000
2019-07-18T07:02:49.867Z;5,83333
2019-07-18T06:02:49.867Z;9,50000
2019-07-18T05:02:49.867Z;7,33333
2019-07-18T04:03:01.182Z;13,00000
2019-07-18T03:02:50.150Z;6,91667
2019-07-18T02:02:50.153Z;8,58333
2019-07-18T01:02:51.150Z;10,41667
2019-07-18T00:03:00.463Z;6,41667
2019-07-17T23:02:50.156Z;9,83333
2019-07-17T22:02:50.150Z;9,50000
2019-07-17T21:02:50.156Z;7,25000
2019-07-17T20:02:50.150Z;5,41667
2019-07-17T19:02:51.150Z;4,91667
2019-07-17T18:03:00.466Z;5,00000
2019-07-17T17:02:50.149Z;7,75000
2019-07-17T16:02:50.160Z;12,66667
2019-07-17T15:02:50.150Z;6,41667
2019-07-17T14:02:50.151Z;4,33333
2019-07-17T13:02:50.151Z;9,00000
2019-07-17T12:02:50.149Z;11,50000
2019-07-17T11:02:50.151Z;12,08333
2019-07-17T10:02:51.150Z;7,16667
2019-07-17T09:03:00.464Z;9,25000
2019-07-17T08:02:50.151Z;8,66667
2019-07-17T07:02:50.151Z;3,41667
2019-07-17T06:02:50.151Z;6,75000
2019-07-17T05:02:50.149Z;18,33333
2019-07-17T04:03:00.474Z;10,83333
2019-07-17T03:02:50.755Z;11,41667
2019-07-17T02:02:49.767Z;12,50000
2019-07-17T01:02:49.760Z;9,41667
2019-07-17T00:02:49.766Z;14,58333
2019-07-16T23:02:49.764Z;14,91667
2019-07-16T22:02:49.755Z;9,08333
2019-07-16T21:02:49.756Z;9,25000
2019-07-16T20:02:50.756Z;15,00000
2019-07-16T19:02:50.757Z;8,08333
2019-07-16T18:02:50.768Z;12,00000
2019-07-16T17:02:50.759Z;10,33333
2019-07-16T16:02:49.766Z;10,33333
2019-07-16T15:02:50.756Z;12,41667
2019-07-16T14:02:49.756Z;13,83333
2019-07-16T13:02:49.756Z;18,00000
2019-07-16T12:02:49.757Z;23,08333
2019-07-16T11:02:49.756Z;22,75000
2019-07-16T10:02:49.757Z;26,58333
2019-07-16T09:02:49.755Z;27,66666
2019-07-16T08:02:50.756Z;13,50000
2019-07-16T07:03:00.700Z;25,41667
2019-07-16T06:02:49.759Z;8,41667
2019-07-16T05:02:49.756Z;18,08333
2019-07-16T04:03:01.800Z;11,83333
2019-07-16T03:02:50.420Z;12,50000
2019-07-16T02:02:50.410Z;21,08333
2019-07-16T01:02:50.410Z;12,75000
2019-07-16T00:02:50.410Z;16,66667
2019-07-15T23:02:50.410Z;19,08333
2019-07-15T22:02:50.410Z;17,66667
2019-07-15T21:02:51.410Z;17,41667
2019-07-15T20:03:00.356Z;19,08333
2019-07-15T19:02:51.510Z;19,41667
2019-07-15T18:03:00.355Z;12,16667
2019-07-15T17:02:51.410Z;12,00000
2019-07-15T16:03:00.374Z;9,16667
2019-07-15T15:02:51.410Z;8,16667
2019-07-15T14:03:00.355Z;11,83333
2019-07-15T13:02:50.420Z;8,91667
2019-07-15T12:02:50.420Z;14,50000
2019-07-15T11:02:51.510Z;7,25000
2019-07-15T10:03:00.356Z;10,16667
2019-07-15T09:02:50.400Z;3,08333
2019-07-15T08:02:50.410Z;5,75000
2019-07-15T07:02:50.410Z;8,33333
2019-07-15T06:02:50.410Z;3,75000
2019-07-15T05:02:50.510Z;3,16667
2019-07-15T04:03:01.374Z;5,66667
2019-07-15T03:02:49.806Z;11,25000
2019-07-15T02:02:49.801Z;10,33333
2019-07-15T01:02:49.802Z;11,41667
2019-07-15T00:02:49.802Z;10,16667
2019-07-14T23:02:49.802Z;16,08333
2019-07-14T22:02:49.802Z;15,00000
2019-07-14T21:02:49.801Z;9,50000
2019-07-14T20:02:49.802Z;6,83333
2019-07-14T19:02:50.801Z;7,00000
2019-07-14T18:03:01.135Z;6,16667
2019-07-14T17:03:00.127Z;6,08333
2019-07-14T16:02:49.801Z;9,00000
2019-07-14T15:02:49.802Z;11,25000
2019-07-14T14:02:49.802Z;13,00000
2019-07-14T13:02:49.802Z;19,00000
2019-07-14T12:02:49.801Z;20,91667
2019-07-14T11:02:49.800Z;25,91667
2019-07-14T10:02:49.801Z;32,25000
2019-07-14T09:02:49.801Z;33,33333
2019-07-14T08:02:49.800Z;16,58333
2019-07-14T07:02:50.802Z;21,33333
2019-07-14T06:03:00.116Z;20,25000
2019-07-14T05:02:49.801Z;20,83333
2019-07-14T04:03:01.125Z;23,66667
2019-07-14T03:02:49.775Z;22,91667
2019-07-14T02:02:49.766Z;27,50000
2019-07-14T01:02:49.765Z;21,33333
2019-07-14T00:02:49.766Z;31,50000
2019-07-13T23:02:49.766Z;23,75000
2019-07-13T22:02:49.765Z;18,50000
2019-07-13T21:02:49.766Z;8,08333
2019-07-13T20:02:49.765Z;8,83333
2019-07-13T19:02:49.765Z;8,83333
2019-07-13T18:02:49.776Z;10,25000
2019-07-13T17:02:49.776Z;10,08333
2019-07-13T17:02:49.776Z;10,08333
2019-07-13T16:02:49.766Z;12,16667
2019-07-13T15:02:50.765Z;15,50000
2019-07-13T14:03:00.790Z;12,16667
2019-07-13T13:02:49.766Z;19,25000
2019-07-13T12:02:49.776Z;15,75000
2019-07-13T11:02:50.766Z;16,41667
2019-07-13T10:03:00.790Z;31,16667
2019-07-13T09:02:49.765Z;15,50000
2019-07-13T08:02:50.765Z;12,91667
2019-07-13T07:03:00.790Z;11,50000
2019-07-13T06:02:49.766Z;16,00000
2019-07-13T05:02:49.777Z;13,00000
2019-07-13T04:03:01.800Z;14,83333
2019-07-13T03:02:50.611Z;17,75000
2019-07-13T02:02:50.611Z;16,08333
2019-07-13T01:02:50.621Z;27,83333
2019-07-13T00:02:50.620Z;18,83333
2019-07-12T23:02:50.610Z;21,58334
2019-07-12T22:02:50.611Z;15,00000
2019-07-12T21:02:50.611Z;20,16667
2019-07-12T20:02:50.611Z;27,66667
2019-07-12T19:02:50.610Z;25,16667
2019-07-12T18:02:50.620Z;14,16667
2019-07-12T17:02:50.611Z;16,50000
2019-07-12T16:02:50.610Z;12,00000
2019-07-12T15:03:00.924Z;16,16667
2019-07-12T14:02:50.621Z;24,75000
2019-07-12T13:02:50.610Z;23,66667
2019-07-12T12:02:50.611Z;25,16667
2019-07-12T11:02:50.610Z;42,83334
2019-07-12T10:02:50.611Z;38,91667
2019-07-12T09:02:50.610Z;24,08334
2019-07-12T08:02:50.611Z;16,66667
2019-07-12T07:03:00.925Z;17,50000
2019-07-12T06:02:50.611Z;13,91667
2019-07-12T05:02:49.610Z;10,50000
2019-07-12T04:02:59.935Z;9,00000
2019-07-12T03:02:49.830Z;13,50000
2019-07-12T02:02:49.830Z;18,83333
2019-07-12T01:02:50.832Z;10,91667
2019-07-12T00:03:00.163Z;29,00000
2019-07-11T23:02:49.830Z;15,58333
2019-07-11T22:02:49.830Z;8,41667
2019-07-11T21:02:49.831Z;11,91667
2019-07-11T20:02:49.830Z;11,75000
2019-07-11T19:02:49.831Z;6,83333
2019-07-11T18:02:49.830Z;8,66667
2019-07-11T17:02:49.830Z;6,58333
2019-07-11T16:02:49.841Z;7,83333
2019-07-11T15:02:49.831Z;6,66667
2019-07-11T14:02:49.831Z;8,58333
2019-07-11T13:02:49.830Z;16,50000
2019-07-11T12:02:49.830Z;21,58333
2019-07-11T11:02:49.830Z;19,50000
2019-07-11T10:02:49.830Z;34,91666
2019-07-11T09:02:49.831Z;12,08333
2019-07-11T08:02:50.831Z;16,50000
2019-07-11T07:03:00.144Z;7,16667
2019-07-11T06:02:49.830Z;7,16667
2019-07-11T05:02:49.841Z;5,50000
2019-07-11T04:03:00.144Z;5,66667
2019-07-11T03:02:50.239Z;4,66667
2019-07-11T02:02:50.241Z;5,33333
2019-07-11T01:02:50.240Z;10,58333
2019-07-11T00:02:50.246Z;10,83333
2019-07-10T23:02:51.240Z;16,66667
2019-07-10T22:03:00.573Z;13,08333
2019-07-10T21:02:50.240Z;26,00000
2019-07-10T20:02:50.240Z;25,25000
2019-07-10T19:02:50.240Z;21,16666
2019-07-10T18:02:50.251Z;17,33333
2019-07-10T17:02:50.251Z;18,83333
2019-07-10T16:02:50.239Z;15,00000
2019-07-10T15:02:50.240Z;10,25000
2019-07-10T14:02:51.240Z;12,50000
2019-07-10T13:03:00.552Z;12,58333
2019-07-10T12:02:50.240Z;18,33333
2019-07-10T12:02:50.240Z;18,33333
2019-07-10T11:02:50.240Z;33,75000
2019-07-10T10:02:50.241Z;31,91667
2019-07-10T09:02:50.239Z;24,66667
2019-07-10T08:02:50.240Z;20,25000
2019-07-10T07:02:50.240Z;8,83333
2019-07-10T06:02:50.240Z;10,58333
2019-07-10T05:02:50.250Z;7,33333
2019-07-10T04:03:00.568Z;8,83333
2019-07-10T03:02:50.740Z;11,91667
2019-07-10T02:02:50.740Z;9,00000
2019-07-10T01:02:50.840Z;11,16667
2019-07-10T00:02:50.730Z;4,75000
2019-07-09T23:02:50.740Z;13,75000
2019-07-09T22:02:50.740Z;11,83333
2019-07-09T21:02:50.740Z;10,16667
2019-07-09T20:02:50.740Z;10,16667
2019-07-09T19:02:50.750Z;10,33333
2019-07-09T18:02:50.730Z;14,66667
2019-07-09T17:02:50.740Z;7,50000
2019-07-09T16:02:50.770Z;7,16667
2019-07-09T15:02:50.740Z;15,25000
2019-07-09T14:03:10.460Z;8,50000
2019-07-09T13:02:50.750Z;22,33333
2019-07-09T12:02:50.740Z;42,91667
2019-07-09T11:02:50.840Z;19,58333
2019-07-09T10:02:50.740Z;11,50000
2019-07-09T09:02:50.750Z;8,58333
2019-07-09T08:02:50.740Z;17,75000
2019-07-09T07:02:50.740Z;5,33333
2019-07-09T07:02:50.740Z;5,33333
2019-07-09T06:02:50.840Z;12,00000
2019-07-09T05:02:50.840Z;3,50000
2019-07-09T04:03:00.387Z;13,58333
2019-07-09T03:02:50.742Z;4,50000
2019-07-09T02:02:50.735Z;3,91667
2019-07-09T01:02:50.735Z;15,41667
2019-07-09T00:02:50.735Z;17,75000
2019-07-08T23:02:50.735Z;13,16667
2019-07-08T22:02:50.745Z;6,83333
2019-07-08T21:02:50.735Z;11,00000
2019-07-08T20:02:50.736Z;8,66667
2019-07-08T19:02:50.735Z;5,91667
2019-07-08T18:02:50.735Z;5,33333
2019-07-08T17:02:50.745Z;13,83333
2019-07-08T16:02:50.744Z;9,50000
2019-07-08T15:02:49.735Z;11,58333
2019-07-08T14:02:50.735Z;11,50000
2019-07-08T13:02:50.735Z;7,41667
2019-07-08T12:02:49.735Z;13,83333
2019-07-08T11:02:50.734Z;22,16667
2019-07-08T10:03:01.500Z;31,41667
2019-07-08T09:02:50.734Z;35,50000
2019-07-08T08:02:50.735Z;13,16667
2019-07-08T07:02:50.735Z;15,75000
2019-07-08T06:02:50.735Z;10,00000
2019-07-08T05:02:49.735Z;15,50000
2019-07-08T04:03:00.470Z;8,33333
2019-07-08T03:02:49.925Z;12,50000
2019-07-08T02:02:49.924Z;13,25000
2019-07-08T01:02:49.926Z;16,16667
2019-07-08T00:02:49.925Z;20,41667
2019-07-07T23:02:50.935Z;10,16667
2019-07-07T22:03:00.248Z;12,58333
2019-07-07T21:02:49.925Z;11,33333
2019-07-07T20:02:49.925Z;8,16667
2019-07-07T19:02:49.925Z;6,25000
2019-07-07T18:02:49.935Z;5,33333
2019-07-07T17:02:49.935Z;7,16667
2019-07-07T16:02:49.935Z;8,66667
2019-07-07T15:02:49.925Z;8,83333
2019-07-07T14:02:50.925Z;7,91667
2019-07-07T13:03:00.262Z;7,08333
2019-07-07T12:02:49.924Z;8,50000
2019-07-07T11:02:49.928Z;16,41667
2019-07-07T10:02:49.925Z;21,41667
2019-07-07T09:02:49.926Z;21,00000
2019-07-07T08:02:50.925Z;18,91667
2019-07-07T07:03:00.239Z;20,91667
2019-07-07T06:02:49.925Z;16,00000
2019-07-07T05:02:49.935Z;14,33333
2019-07-07T04:03:01.259Z;14,41667
2019-07-07T03:02:50.621Z;18,91667
2019-07-07T02:02:50.631Z;21,58333
2019-07-07T01:02:50.621Z;15,41667
2019-07-07T00:02:50.621Z;19,83333
2019-07-06T23:02:50.621Z;16,16667
2019-07-06T22:02:50.621Z;13,58333
2019-07-06T21:02:50.621Z;12,25000
2019-07-06T20:02:50.621Z;14,00000
2019-07-06T19:02:50.620Z;12,66667
2019-07-06T18:02:50.621Z;17,58333
2019-07-06T17:02:50.630Z;18,33333
2019-07-06T16:02:50.621Z;14,41667
2019-07-06T15:02:50.621Z;9,00000
2019-07-06T14:02:50.620Z;7,91667
2019-07-06T13:02:50.621Z;9,41667
2019-07-06T12:02:50.631Z;10,66667
2019-07-06T11:02:50.621Z;11,66667
2019-07-06T10:02:50.620Z;18,41667
2019-07-06T10:02:50.620Z;18,41667
2019-07-06T09:02:50.621Z;15,16667
2019-07-06T08:02:50.621Z;8,00000
2019-07-06T07:02:50.631Z;7,33333
2019-07-06T06:02:50.625Z;6,91667
2019-07-06T05:02:49.621Z;5,50000
2019-07-06T04:03:00.944Z;3,16667
2019-07-06T03:02:51.392Z;11,75000
2019-07-06T02:03:00.703Z;4,00000
2019-07-06T01:02:50.389Z;6,25000
2019-07-06T00:02:50.390Z;6,08333
2019-07-05T23:02:50.390Z;4,75000
2019-07-05T22:02:50.389Z;6,50000
2019-07-05T21:02:50.389Z;18,33333
2019-07-05T20:02:50.394Z;14,66667
2019-07-05T19:02:50.399Z;17,83333
2019-07-05T18:02:50.389Z;20,33333
2019-07-05T17:02:50.389Z;14,08333
2019-07-05T16:02:50.389Z;14,75000
2019-07-05T15:02:50.390Z;14,83333
2019-07-05T14:02:50.399Z;20,33333
2019-07-05T13:02:50.390Z;21,58333
2019-07-05T12:02:50.389Z;18,75000
2019-07-05T11:02:50.389Z;20,83333
2019-07-05T10:02:50.400Z;30,25000
2019-07-05T09:02:50.396Z;27,66667
2019-07-05T08:02:50.390Z;9,83333
2019-07-05T07:02:50.389Z;11,50000
2019-07-05T06:02:50.389Z;12,25000
2019-07-05T05:02:50.388Z;20,08333
2019-07-05T04:03:01.713Z;13,00000
2019-07-05T03:02:50.350Z;15,16667
2019-07-05T02:02:50.350Z;19,83333
2019-07-05T01:02:50.450Z;18,75000
2019-07-05T00:02:50.340Z;14,83333
2019-07-04T23:02:50.350Z;15,41667
2019-07-04T22:02:50.350Z;14,91667
2019-07-04T21:02:51.340Z;16,00000
2019-07-04T20:03:00.349Z;15,16667
2019-07-04T19:02:50.340Z;12,33333
2019-07-04T18:02:50.340Z;11,00000
2019-07-04T17:02:50.350Z;7,58333
2019-07-04T16:02:50.350Z;14,33333
2019-07-04T15:02:50.450Z;13,00000
2019-07-04T14:02:51.360Z;11,50000
2019-07-04T13:03:00.349Z;11,91667
2019-07-04T12:02:50.350Z;10,91667
2019-07-04T11:02:50.470Z;13,25000
2019-07-04T10:02:51.360Z;26,91667
2019-07-04T09:03:00.358Z;17,41667
2019-07-04T08:02:50.350Z;11,75000
2019-07-04T07:02:50.360Z;10,41667
2019-07-04T06:02:50.350Z;11,25000
2019-07-04T05:02:50.450Z;8,58333
2019-07-04T04:03:00.349Z;12,25000
2019-07-04T03:02:49.983Z;8,58333
2019-07-04T02:02:49.984Z;6,08333
2019-07-04T01:02:49.993Z;13,41667
2019-07-04T00:02:49.993Z;9,41667
2019-07-03T23:02:49.983Z;8,16667
2019-07-03T22:02:49.983Z;8,08333
2019-07-03T21:02:49.984Z;10,16667
2019-07-03T20:02:49.984Z;7,41667
2019-07-03T19:02:49.983Z;21,66667
2019-07-03T18:02:49.983Z;5,75000
2019-07-03T17:02:49.992Z;6,50000
2019-07-03T16:02:49.993Z;5,75000
2019-07-03T15:02:49.983Z;7,25000
2019-07-03T14:02:49.984Z;19,33333
2019-07-03T13:02:49.984Z;11,91667
2019-07-03T12:02:49.983Z;13,00000
2019-07-03T11:02:49.983Z;10,08333
2019-07-03T10:02:49.983Z;7,66667
2019-07-03T09:02:49.983Z;26,91667
2019-07-03T08:02:49.984Z;18,58333
2019-07-03T07:02:49.984Z;19,50000
2019-07-03T06:02:49.984Z;12,50000
2019-07-03T05:02:49.982Z;27,16667
2019-07-03T04:03:01.307Z;10,25000
2019-07-03T03:02:50.264Z;18,91667
2019-07-03T02:02:50.255Z;16,66667
2019-07-03T01:02:50.254Z;26,66667
2019-07-03T00:02:50.254Z;26,16667
2019-07-02T23:02:50.255Z;26,75000
2019-07-02T22:02:50.264Z;24,33333
2019-07-02T21:02:50.254Z;22,50000
2019-07-02T20:02:50.254Z;24,75000
2019-07-02T19:02:50.254Z;8,33333
2019-07-02T18:02:50.254Z;7,83333
2019-07-02T17:02:50.254Z;5,25000
2019-07-02T16:02:50.254Z;6,41667
2019-07-02T15:02:50.254Z;11,25000
2019-07-02T14:02:50.254Z;16,00000
2019-07-02T13:02:50.254Z;20,91667
2019-07-02T12:02:50.254Z;19,16667
2019-07-02T11:02:51.255Z;15,33333
2019-07-02T10:03:00.568Z;7,25000
2019-07-02T09:02:50.254Z;34,16667
2019-07-02T08:02:50.254Z;12,66667
2019-07-02T07:02:50.254Z;14,83333
2019-07-02T06:02:50.264Z;9,91667
2019-07-02T05:02:50.264Z;16,75000
2019-07-02T04:03:00.588Z;7,66667
2019-07-02T03:02:50.469Z;7,66667
2019-07-02T02:02:50.469Z;7,00000
2019-07-02T01:02:50.468Z;6,75000
2019-07-02T00:02:50.468Z;10,66667
2019-07-01T23:02:50.468Z;15,58333
2019-07-01T22:02:50.468Z;11,66667
2019-07-01T21:02:50.469Z;14,91667
2019-07-01T20:02:50.479Z;10,41667
2019-07-01T19:02:50.479Z;3,58333
2019-07-01T18:03:00.785Z;5,25000
2019-07-01T17:02:50.468Z;5,58333
2019-07-01T16:02:50.469Z;5,16667
2019-07-01T15:02:50.468Z;6,33333
2019-07-01T14:02:50.478Z;3,83333
2019-07-01T13:02:50.469Z;4,66667
2019-07-01T12:02:50.468Z;5,58333
2019-07-01T11:03:00.802Z;7,00000
2019-07-01T10:02:50.469Z;8,75000
2019-07-01T09:02:50.467Z;8,16667
2019-07-01T08:02:50.469Z;13,91667
2019-07-01T07:02:50.479Z;12,08333
2019-07-01T06:02:50.469Z;10,66667
2019-07-01T05:02:50.479Z;15,91667
2019-07-01T04:03:00.802Z;15,16667
2019-07-01T03:02:50.595Z;9,66667
2019-07-01T02:02:50.606Z;22,50000
2019-07-01T01:02:50.605Z;9,58333
2019-07-01T00:02:50.595Z;13,50000
